https://github.com/fylein/fyle-xero-api/commit/c1828e045c9b9fb65ab374c08f7efb655390f43b,Nilesh Pant,Fri Dec 6 20:34:57 2024 +0530,fix: update c1 deployment file final (#416),master,xero-api
https://github.com/fylein/fyle-xero-api/commit/13b6f292f1036a52a590a8303d64f9028f22ff07,Nilesh Pant,Fri Dec 6 20:11:18 2024 +0530,fix: update c1 deployment file (#415),master,xero-api
https://github.com/fylein/fyle-xero-api/commit/46e56e0acf84eedc07845975ac8e545be93af0a2,Nilesh Pant,Fri Dec 6 19:35:50 2024 +0530,fix: change the url of the submodule (#414),master,xero-api
https://github.com/fylein/fyle-xero-api/commit/67a7bc2aecb962fcab0179858f729324988a8f28,Nilesh Pant,Fri Dec 6 13:25:50 2024 +0530,feat: allow selection of memo structure in advance settings (#413),master,xero-api
https://github.com/fylein/fyle-xero-api/commit/04d6d88c4a2d0314c4ddd2034524083bc9e1106e,Anish Kr Singh,Wed Nov 20 14:24:33 2024 +0530,fix: fix posted at null (#412),master,xero-api
https://github.com/fylein/fyle-xero-api/commit/86effd46b9e3035db5ce27c3ac86c239924173ad,Viswas Haridas,Mon Nov 18 16:37:44 2024 +0530,feat: support split expense grouping (#402),master,xero-api
https://github.com/fylein/fyle-xero-api/commit/c4da2fb1f70dea8c3343152d0e201dedd682dd51,Anish Kr Singh,Mon Nov 18 14:25:24 2024 +0530,feat: handle posted at (#407),master,xero-api
https://github.com/fylein/fyle-xero-api/commit/132f53c16d81a9c7b156a1248dd88babc8f9e904,Viswas Haridas,Fri Nov 15 16:03:44 2024 +0530,fix: while syncing expenses, include expenses from 5 minutes before last sync (#409),master,xero-api
https://github.com/fylein/fyle-xero-api/commit/bed197e49abf2a8400cea79a28d6b4a68c3d81e6,Hrishabh Tiwari,Fri Nov 15 10:01:06 2024 +0530,fix: add unique constraint in task_logs for expense_group, add interval for next run (#408),master,xero-api
https://github.com/fylein/fyle-xero-api/commit/b05c3d4eb3d1dca6ec60f0f3ef6513f0d64a3f44,Viswas Haridas,Tue Nov 12 14:12:02 2024 +0530,fix: remove sentry transaction sampling (#403),master,xero-api
https://github.com/fylein/fyle-xero-api/commit/020f79f3519caa3e7b9baf863445fa48dc4c07ec,Ashutosh singh,Tue Oct 15 13:24:36 2024 +0530,feat: Log post requests and sdk changes (#400),master,xero-api
https://github.com/fylein/fyle-xero-api/commit/fb5ff1a4fee524df0d8c43e79bfa4e96a32aea77,Ashutosh singh,Mon Oct 14 15:34:43 2024 +0530,fix: Revert changes (#399),master,xero-api
https://github.com/fylein/fyle-xero-api/commit/f1a84c81327a9036074b28d0eba806a269a72a08,Ashutosh singh,Mon Oct 14 14:49:36 2024 +0530,feat: Added loggers in sdk and changed version (#398),master,xero-api
https://github.com/fylein/fyle-xero-api/commit/71f918a2bda99aada80d34f95bb62dfdd534d719,Ashutosh singh,Sun Oct 13 20:13:41 2024 +0530,feat: Add middleware to log all post requests (#397),master,xero-api
https://github.com/fylein/fyle-xero-api/commit/7cdfe7e4a10d0ff155e7893379785359cd8eb9c0,ruuushhh,Tue Oct 1 14:38:28 2024 +0530,fix: activity mapping stats (#395),master,xero-api
https://github.com/fylein/fyle-xero-api/commit/39237965045c575ca4423e6cdfad20e50b24edb4,ruuushhh,Mon Sep 30 11:44:02 2024 +0530,fix: handle-accounting-export (#394),master,xero-api